"name","film_title","frequency","revenue"
"English             ","Bucket Brotherhood","34","150.72"
"English             ","Rocketeer Mother","33","97.72"
"English             ","Grit Clockwork","32","97.72"
"English             ","Forward Temple","32","102.74"
"English             ","Ridgemont Submarine","32","110.72"
"English             ","Juggler Hardly","32","86.71"
"English             ","Scalawag Duck","32","157.71"
"English             ","Rush Goodfellas","31","81.72"
"English             ","Hobbit Alien","31","68.74"
"English             ","Robbers Joon","31","85.74"
"English             ","Wife Turn","31","198.73"
"English             ","Network Peak","31","116.73"
"English             ","Apache Divine","31","160.72"
"English             ","Goodfellas Salute","31","164.75"
"English             ","Zorro Ark","31","199.72"
"English             ","Timberland Sky","31","102.74"
"English             ","Suspects Quills","30","118.73"
"English             ","Pulp Beverly","30","121.74"
"English             ","Witches Panic","30","146.75"
"English             ","Frost Head","30","74.72"
"English             ","Married Go","30","84.74"
"English             ","Massacre Usual","30","149.75"
"English             ","Shock Cabin","30","96.71"
"English             ","Rugrats Shakespeare","30","67.72"
"English             ","Muscle Bright","30","86.73"
"English             ","English Bulworth","30","99.74"
"English             ","Cat Coneheads","30","159.73"
"English             ","Harry Idaho","30","177.73"
"English             ","Dogma Family","30","168.72"
"English             ","Idols Snatchers","30","88.76"
"English             ","Butterfly Chocolat","30","108.74"
"English             ","Graffiti Love","30","67.74"
"English             ","Talented Homicide","29","34.76"
"English             ","Moon Bunch","29","35.74"
"English             ","Family Sweet","29","60.73"
"English             ","Bingo Talented","29","119.75"
"English             ","Confidential Interview","29","136.76"
"English             ","Enemy Odds","29","159.75"
"English             ","Deer Virginian","29","78.76"
"English             ","Gleaming Jawbreaker","29","125.72"
"English             ","Virginian Pluto","29","47.75"
"English             ","Greatest North","29","103.73"
"English             ","Titans Jerk","29","186.73"
"English             ","Videotape Arsenic","29","148.76"
"English             ","Boogie Amelie","29","140.74"
"English             ","Storm Happiness","29","42.74"
"English             ","Sweethearts Suspects","29","93.73"
"English             ","Gilmore Boiled","28","52.76"
"English             ","Saturday Lambs","28","190.74"
"English             ","Trip Newton","28","135.74"
"English             ","Voyage Legally","28","42.75"
"English             ","Story Side","28","35.74"
"English             ","Fatal Haunted","28","92.77"
"English             ","Expendable Stallion","28","94.74"
"English             ","Giant Troopers","28","100.74"
"English             ","Closer Bang","28","152.76"
"English             ","Roses Treasure","28","137.77"
"English             ","Handicap Boondock","28","50.76"
"English             ","Invasion Cyclone","27","100.74"
"English             ","Goldmine Tycoon","27","43.76"
"English             ","Wardrobe Phantom","27","80.77"
"English             ","Blackout Private","27","78.77"
"English             ","Gangs Pride","27","95.78"
"English             ","Lose Inch","27","77.74"
"English             ","Telegraph Voyage","27","215.75"
"English             ","Lies Treatment","27","131.76"
"English             ","Chance Resurrection","27","124.76"
"English             ","Horror Reign","27","77.75"
"English             ","Loathing Legally","27","62.74"
"English             ","Primary Glass","27","36.73"
"English             ","Dorado Notting","27","140.78"
"English             ","Curtain Videotape","27","34.77"
"English             ","Movie Shakespeare","27","125.78"
"English             ","Operation Operation","27","80.75"
"English             ","Swarm Gold","27","64.77"
"English             ","None Spiking","27","79.75"
"English             ","Camelot Vacation","27","93.76"
"English             ","Princess Giant","27","121.77"
"English             ","Detective Vision","27","62.76"
"English             ","Torque Bound","27","169.76"
"English             ","Forrester Comancheros","27","141.74"
"English             ","Dancing Fever","27","49.76"
"English             ","Range Moonwalker","27","158.77"
"English             ","Spy Mile","27","94.73"
"English             ","Brotherhood Blanket","26","98.77"
"English             ","Pelican Comforts","26","165.77"
"English             ","Hyde Doctor","26","95.76"
"English             ","Fantasy Troopers","26","35.79"
"English             ","Hanky October","26","104.77"
"English             ","Metropolis Coma","26","116.76"
"English             ","Island Exorcist","26","76.77"
"English             ","Pity Bound","26","138.77"
"English             ","Westward Seabiscuit","26","36.75"
"English             ","Disturbing Scarface","26","77.77"
"English             ","Durham Panky","26","132.76"
"English             ","Contact Anonymous","26","78.76"
"English             ","Stagecoach Armageddon","26","138.77"
"English             ","Malkovich Pet","26","75.77"
"English             ","Velvet Terminator","26","152.77"
"English             ","Alaska Phantom","26","37.77"
"English             ","Pocus Pulp","26","40.75"
"English             ","Innocent Usual","26","191.74"
"English             ","Half Outfield","26","73.79"
"English             ","Tracy Cider","26","78.76"
"English             ","Tights Dawn","26","54.76"
"English             ","Coma Head","26","122.77"
"English             ","Seabiscuit Punk","26","86.76"
"English             ","Fellowship Autumn","26","137.76"
"English             ","Double Wrath","25","56.79"
"English             ","Streetcar Intentions","25","137.77"
"English             ","Downhill Enough","25","72.79"
"English             ","Trading Pinocchio","25","133.77"
"English             ","Mallrats United","25","70.78"
"English             ","Metal Armageddon","25","88.79"
"English             ","Coneheads Smoochy","25","131.76"
"English             ","Working Microcosmos","25","144.78"
"English             ","Sun Confessions","25","50.77"
"English             ","Show Lord","25","145.78"
"English             ","Clueless Bucket","25","105.77"
"English             ","Barbarella Streetcar","25","84.78"
"English             ","Dynamite Tarzan","25","60.77"
"English             ","Nightmare Chill","25","148.79"
"English             ","Escape Metropolis","25","74.77"
"English             ","Fish Opus","25","94.78"
"English             ","Madness Attacks","25","65.77"
"English             ","Clash Freddy","25","77.77"
"English             ","Effect Gladiator","25","40.79"
"English             ","Hills Neighbors","25","58.79"
"English             ","Samurai Lion","25","101.76"
"English             ","Tomorrow Hustler","25","101.76"
"English             ","Feud Frogmen","25","31.80"
"English             ","Shepherd Midsummer","25","28.77"
"English             ","Oscar Gold","25","83.75"
"English             ","Telemark Heartbreakers","25","88.76"
"English             ","Gun Bonnie","25","30.79"
"English             ","Seattle Expecations","24","125.80"
"English             ","Mockingbird Hollywood","24","53.78"
"English             ","Caper Motions","24","37.77"
"English             ","Atlantis Cause","24","75.79"
"English             ","Alamo Videotape","24","30.78"
"English             ","Center Dinosaur","24","121.79"
"English             ","Lola Agent","24","154.77"
"English             ","Slums Duck","24","48.78"
"English             ","Ice Crossing","24","90.78"
"English             ","Sunrise League","24","155.78"
"English             ","Jason Trap","24","97.77"
"English             ","Horn Working","24","109.77"
"English             ","Wedding Apollo","24","71.79"
"English             ","Drifter Commandments","24","131.78"
"English             ","Jumping Wrath","24","67.79"
"English             ","Oz Liaisons","24","87.78"
"English             ","Bound Cheaper","24","50.76"
"English             ","Maiden Home","24","152.78"
"English             ","Arachnophobia Rollercoaster","24","109.77"
"English             ","Gunfight Moon","24","46.79"
"English             ","Orange Grapes","24","61.78"
"English             ","Knock Warlock","24","99.79"
"English             ","Color Philadelphia","24","87.78"
"English             ","Pacific Amistad","24","43.81"
"English             ","Hurricane Affair","24","82.77"
"English             ","Strangelove Desire","24","79.78"
"English             ","Sleeping Suspects","24","121.78"
"English             ","Attraction Newton","24","133.78"
"English             ","Celebrity Horn","24","28.79"
"English             ","Goldfinger Sensibility","24","67.79"
"English             ","Shootist Superfly","24","36.77"
"English             ","Fargo Gandhi","24","94.79"
"English             ","Roman Punk","24","25.79"
"English             ","Carrie Bunch","23","34.77"
"English             ","Patton Interview","23","94.79"
"English             ","Titanic Boondock","23","149.78"
"English             ","Easy Gladiator","23","132.80"
"English             ","Academy Dinosaur","23","33.79"
"English             ","Trouble Date","23","70.81"
"English             ","Strictly Scarface","23","113.77"
"English             ","Wind Phantom","23","33.79"
"English             ","Name Detective","23","131.78"
"English             ","Scorpion Apollo","23","158.79"
"English             ","Cupboard Sinners","23","103.78"
"English             ","Affair Prejudice","23","83.79"
"English             ","House Dynamite","23","65.80"
"English             ","Steel Santa","23","136.78"
"English             ","Snowman Rollercoaster","23","65.79"
"English             ","Aladdin Calendar","23","131.77"
"English             ","Heavyweights Beast","23","123.78"
"English             ","Karate Moon","23","51.80"
"English             ","Women Dorado","23","38.81"
"English             ","Crooked Frogmen","23","38.79"
"English             ","Wash Heavenly","23","104.80"
"English             ","Others Soup","23","70.80"
"English             ","Candles Grapes","23","111.80"
"English             ","Salute Apollo","23","95.80"
"English             ","Flamingos Connecticut","23","134.78"
"English             ","Earth Vision","23","34.77"
"English             ","Murder Antitrust","23","78.79"
"English             ","Kwai Homeward","23","42.80"
"English             ","Balloon Homeward","23","91.78"
"English             ","Freddy Storm","23","115.79"
"English             ","Outbreak Divine","23","31.82"
"English             ","Truman Crazy","23","104.80"
"English             ","Fool Mockingbird","23","162.79"
"English             ","Gentlemen Stage","23","70.80"
"English             ","Philadelphia Wife","23","107.80"
"English             ","Yentl Idaho","23","122.79"
"English             ","Blade Polish","22","29.81"
"English             ","Snatch Slipper","22","117.80"
"English             ","Angels Life","22","103.80"
"English             ","Alien Center","22","84.80"
"English             ","Tourist Pelican","22","126.81"
"English             ","Maltese Hope","22","118.79"
"English             ","Bear Graceland","22","93.81"
"English             ","Chicken Hellfighters","22","58.81"
"English             ","Volcano Texas","22","32.81"
"English             ","Falcon Volume","22","106.81"
"English             ","Borrowers Bedazzled","22","25.80"
"English             ","Hustler Party","22","190.78"
"English             ","Beauty Grease","22","125.79"
"English             ","Alter Victory","22","30.80"
"English             ","Wonderland Christmas","22","142.79"
"English             ","Homicide Peach","22","59.82"
"English             ","Queen Luke","22","128.79"
"English             ","Sinners Atlantis","22","60.81"
"English             ","Liaisons Sweet","22","126.79"
"English             ","Packer Madigan","22","58.80"
"English             ","Grapes Fury","22","56.77"
"English             ","Haunting Pianist","22","47.80"
"English             ","Shakespeare Saddle","22","76.80"
"English             ","Eagles Panky","22","134.81"
"English             ","Chill Luck","22","29.79"
"English             ","Head Stranger","22","142.79"
"English             ","Congeniality Quest","22","31.81"
"English             ","Midsummer Groundhog","22","129.82"
"English             ","Annie Identity","22","50.81"
"English             ","Kiss Glory","22","126.79"
"English             ","Fight Jawbreaker","22","53.80"
"English             ","Dream Pickup","22","73.80"
"English             ","Banger Pinocchio","22","40.80"
"English             ","South Wait","22","102.79"
"English             ","American Circus","22","146.81"
"English             ","Flatliners Killer","22","74.81"
"English             ","Sea Virgin","22","84.81"
"English             ","High Encino","22","117.79"
"English             ","Whisperer Giant","22","141.80"
"English             ","Secret Groundhog","21","105.81"
"English             ","Brooklyn Desert","21","106.81"
"English             ","Doom Dancing","21","58.83"
"English             ","Coast Rainbow","21","37.82"
"English             ","Amadeus Holy","21","32.80"
"English             ","Sabrina Midnight","21","126.79"
"English             ","Armageddon Lost","21","41.80"
"English             ","Pirates Roxanne","21","45.81"
"English             ","Wait Cider","21","73.82"
"English             ","Berets Agent","21","72.80"
"English             ","Beverly Outlaw","21","115.79"
"English             ","Unbreakable Karate","21","76.81"
"English             ","Star Operation","21","83.80"
"English             ","Blues Instinct","21","75.82"
"English             ","Sleepy Japanese","21","76.83"
"English             ","Amistad Midsummer","21","70.79"
"English             ","Egg Igby","21","98.81"
"English             ","Divide Monster","21","61.80"
"English             ","Ghost Groundhog","21","107.81"
"English             ","Sleuth Orient","21","48.81"
"English             ","Sting Personal","21","149.80"
"English             ","Highball Potter","21","27.81"
"English             ","Crossroads Casualties","21","74.80"
"English             ","Chainsaw Uptown","21","31.81"
"English             ","Basic Easy","21","87.80"
"English             ","Deceiver Betrayed","21","24.80"
"English             ","Chariots Conspiracy","21","65.81"
"English             ","Grease Youth","21","27.80"
"English             ","Pianist Outfield","21","38.78"
"English             ","Dracula Crystal","21","22.81"
"English             ","Calendar Gunfight","21","123.82"
"English             ","Anaconda Confessions","21","51.82"
"English             ","Cause Date","21","114.81"
"English             ","Fidelity Devil","21","117.82"
"English             ","Undefeated Dalmations","21","102.81"
"English             ","Open African","21","103.81"
"English             ","Driving Polish","21","105.81"
"English             ","Resurrection Silverado","21","24.81"
"English             ","Christmas Moonshine","21","26.81"
"English             ","Splendor Patton","21","40.79"
"English             ","Mourning Purple","21","39.81"
"English             ","Wolves Desire","21","24.79"
"English             ","Lebowski Soldiers","21","62.82"
"English             ","Fireball Philadelphia","21","57.81"
"English             ","Vacation Boondock","21","89.81"
"English             ","Badman Dawn","21","76.79"
"English             ","Suit Walls","21","134.81"
"English             ","Excitement Eve","21","61.80"
"English             ","Moonshine Cabin","21","131.80"
"English             ","Arizona Bang","21","104.79"
"English             ","Empire Malkovich","21","26.81"
"English             ","Agent Truman","21","111.81"
"English             ","Reign Gentlemen","20","105.81"
"English             ","Cheaper Clyde","20","30.83"
"English             ","Sleepless Monsoon","20","103.83"
"English             ","Kick Savannah","20","48.83"
"English             ","Outfield Massacre","20","54.82"
"English             ","Prejudice Oleander","20","110.81"
"English             ","Love Suicides","20","22.85"
"English             ","Go Purple","20","43.83"
"English             ","Peak Forever","20","94.82"
"English             ","Bringing Hysterical","20","68.81"
"English             ","Flying Hook","20","77.81"
"English             ","Kissing Dolls","20","120.83"
"English             ","Stepmom Dream","20","99.81"
"English             ","Heartbreakers Bright","20","132.80"
"English             ","Secrets Paradise","20","139.82"
"English             ","Chasing Fight","20","105.82"
"English             ","Jerk Paycheck","20","104.81"
"English             ","Northwest Polish","20","77.82"
"English             ","Reunion Witches","20","50.82"
"English             ","Chocolat Harry","20","49.81"
"English             ","Harper Dying","20","77.80"
"English             ","Million Ace","20","103.83"
"English             ","Money Harold","20","111.80"
"English             ","Pinocchio Simon","20","119.82"
"English             ","River Outlaw","20","56.82"
"English             ","Spice Sorority","20","106.81"
"English             ","Straight Hours","20","55.81"
"English             ","Jet Neighbors","20","92.83"
"English             ","Hellfighters Sierra","20","92.81"
"English             ","Quest Mussolini","20","77.80"
"English             ","Minds Truman","20","144.81"
"English             ","Hunchback Impossible","20","115.83"
"English             ","Room Roman","20","27.82"
"English             ","Intrigue Worst","20","36.81"
"English             ","Redemption Comforts","20","113.80"
"English             ","Tramp Others","20","40.82"
"English             ","Wrong Behavior","20","62.80"
"English             ","Masked Bubble","20","24.81"
"English             ","Insider Arizona","20","61.83"
"English             ","Interview Liaisons","20","110.82"
"English             ","Dinosaur Secretary","20","67.81"
"English             ","Dalmations Sweden","20","54.82"
"English             ","Garden Island","20","134.82"
"English             ","Novocaine Flight","19","49.82"
"English             ","Eyes Driving","19","68.84"
"English             ","Patient Sister","19","21.82"
"English             ","Canyon Stock","19","27.81"
"English             ","Thief Pelican","19","97.84"
"English             ","Fiction Christmas","19","58.81"
"English             ","Roxanne Rebel","19","29.83"
"English             ","Requiem Tycoon","19","105.82"
"English             ","Jedi Beneath","19","20.82"
"English             ","Earring Instinct","19","60.83"
"English             ","Backlash Undefeated","19","140.84"
"English             ","Neighbors Charade","19","62.83"
"English             ","Encounters Curtain","19","38.82"
"English             ","Gorgeous Bingo","19","94.83"
"English             ","National Story","19","76.83"
"English             ","Gables Metropolis","19","47.83"
"English             ","Encino Elf","19","27.81"
"English             ","Something Duck","19","120.82"
"English             ","Fantasia Park","19","73.81"
"English             ","Igby Maker","19","89.83"
"English             ","Voice Peach","19","31.83"
"English             ","Campus Remember","19","81.83"
"English             ","Hanging Deep","19","92.85"
"English             ","Pond Seattle","19","61.82"
"English             ","Rage Games","19","119.81"
"English             ","Honey Ties","19","59.84"
"English             ","Mars Roman","19","30.83"
"English             ","Trojan Tomorrow","19","75.82"
"English             ","Road Roxanne","19","115.83"
"English             ","Doors President","19","118.82"
"English             ","Hours Rage","19","44.82"
"English             ","Clones Pinocchio","19","59.83"
"English             ","Bride Intrigue","19","20.82"
"English             ","Club Graffiti","19","38.82"
"English             ","Fury Murder","19","58.83"
"English             ","Details Packer","19","128.82"
"English             ","Independence Hotel","19","34.82"
"English             ","Mine Titans","19","138.83"
"English             ","Shawshank Bubble","19","109.81"
"English             ","Disciple Mother","19","39.82"
"English             ","Bill Others","19","63.82"
"English             ","Cider Desire","19","56.83"
"English             ","Sundance Invasion","19","36.82"
"English             ","Desert Poseidon","19","118.81"
"English             ","Music Boondock","19","20.83"
"English             ","Polish Brooklyn","18","18.85"
"English             ","Sweden Shining","18","101.83"
"English             ","Pollock Deliverance","18","66.82"
"English             ","Groundhog Uncut","18","78.86"
"English             ","Core Suit","18","92.84"
"English             ","Enough Raging","18","51.84"
"English             ","Carol Texas","18","79.83"
"English             ","Barefoot Manchurian","18","59.83"
"English             ","Scarface Bang","18","106.84"
"English             ","Whale Bikini","18","113.85"
"English             ","Dawn Pond","18","120.83"
"English             ","Boulevard Mob","18","56.84"
"English             ","Airport Pollock","18","86.85"
"English             ","Instinct Airport","18","69.83"
"English             ","Secretary Rouge","18","112.82"
"English             ","Driver Annie","18","62.84"
"English             ","Jade Bunch","18","53.85"
"English             ","Birds Perdition","18","102.83"
"English             ","Hope Tootsie","18","72.83"
"English             ","Lion Uncut","18","33.83"
"English             ","Alone Trip","18","61.83"
"English             ","Jacket Frisco","18","71.84"
"English             ","Forrest Sons","18","83.83"
"English             ","Wonka Sea","18","66.82"
"English             ","Dragonfly Strangers","18","80.86"
"English             ","Candidate Perdition","18","88.82"
"English             ","Galaxy Sweethearts","18","105.84"
"English             ","Cleopatra Devil","18","27.85"
"English             ","Inch Jet","18","95.82"
"English             ","Remember Diary","18","70.83"
"English             ","Weekend Personal","18","71.83"
"English             ","Insects Stone","18","36.81"
"English             ","Darn Forrester","18","87.83"
"English             ","Mission Zoolander","18","110.84"
"English             ","Racer Egg","18","54.83"
"English             ","Rouge Squad","18","51.84"
"English             ","Paradise Sabrina","18","79.82"
"English             ","Groove Fiction","18","40.83"
"English             ","Heaven Freedom","18","49.85"
"English             ","Smoking Barbarella","18","17.84"
"English             ","Unforgiven Zoolander","18","22.84"
"English             ","Vanishing Rocky","18","80.83"
"English             ","Expecations Natural","18","101.83"
"English             ","Intentions Empire","17","78.83"
"English             ","Idaho Love","17","68.85"
"English             ","Jekyll Frogmen","17","78.84"
"English             ","Perfect Groove","17","53.84"
"English             ","Strangers Graffiti","17","104.86"
"English             ","Noon Papi","17","60.85"
"English             ","Lawless Vision","17","76.86"
"English             ","League Hellfighters","17","105.83"
"English             ","Slacker Liaisons","17","86.84"
"English             ","Rock Instinct","17","48.83"
"English             ","Teen Apollo","17","109.86"
"English             ","Orient Closer","17","80.83"
"English             ","Beach Heartbreakers","17","55.86"
"English             ","Freaky Pocus","17","43.86"
"English             ","Satisfaction Confidential","17","122.84"
"English             ","Bikini Borrowers","17","79.86"
"English             ","French Holiday","17","94.84"
"English             ","Ferris Mother","17","70.85"
"English             ","Egypt Tenenbaums","17","66.84"
"English             ","Confused Candles","17","99.84"
"English             ","Sugar Wonka","17","93.85"
"English             ","Hanover Galaxy","17","81.86"
"English             ","Roots Remember","17","37.86"
"English             ","Louisiana Harry","17","28.84"
"English             ","Gandhi Kwai","17","16.87"
"English             ","Poseidon Forever","17","100.83"
"English             ","Musketeers Wait","17","82.85"
"English             ","Jericho Mulan","17","95.84"
"English             ","Taxi Kick","17","34.83"
"English             ","Majestic Floats","17","36.85"
"English             ","Newton Labyrinth","17","46.84"
"English             ","Dying Maker","17","83.85"
"English             ","Midnight Westward","17","38.84"
"English             ","Mask Peach","17","49.86"
"English             ","Joon Northwest","17","37.84"
"English             ","Rear Trading","17","27.85"
"English             ","Comforts Rush","17","69.85"
"English             ","Breakfast Goldfinger","17","104.84"
"English             ","Potter Connecticut","17","62.85"
"English             ","United Pilot","17","43.85"
"English             ","Lady Stage","17","113.84"
"English             ","Waterfront Deliverance","17","116.84"
"English             ","Conversation Downhill","17","114.83"
"English             ","Factory Dragon","17","30.85"
"English             ","Greek Everyone","17","55.83"
"English             ","Holocaust Highball","17","23.84"
"English             ","Virgin Daisy","17","86.84"
"English             ","Flintstones Happiness","17","134.83"
"English             ","Zoolander Fiction","17","66.85"
"English             ","Patriot Roman","16","52.85"
"English             ","Creatures Shakespeare","16","56.84"
"English             ","Mummy Creatures","16","55.85"
"English             ","Words Hunter","16","73.86"
"English             ","Watch Tracy","16","33.85"
"English             ","Casablanca Super","16","82.84"
"English             ","Daisy Menagerie","16","85.86"
"English             ","Varsity Trip","16","48.84"
"English             ","Pluto Oleander","16","73.87"
"English             ","Mermaid Insects","16","94.85"
"English             ","Army Flintstones","16","36.86"
"English             ","Hall Cassidy","16","98.84"
"English             ","Graduate Lord","16","42.87"
"English             ","Homeward Cider","16","23.84"
"English             ","Destiny Saturday","16","91.85"
"English             ","Chicago North","16","84.85"
"English             ","Indian Love","16","46.85"
"English             ","Sagebrush Clueless","16","83.86"
"English             ","Streak Ridgemont","16","17.87"
"English             ","Attacks Hate","16","101.84"
"English             ","Rules Human","16","78.87"
"English             ","Rocky War","16","88.87"
"English             ","Coldblooded Darling","16","89.84"
"English             ","Silence Kane","16","15.85"
"English             ","Moulin Wake","16","51.84"
"English             ","Bonnie Holocaust","16","31.85"
"English             ","Gaslight Crusade","16","62.84"
"English             ","Conquerer Nuts","16","84.87"
"English             ","Worst Banger","16","66.85"
"English             ","Command Darling","16","107.84"
"English             ","Slipper Fidelity","16","24.86"
"English             ","Summer Scarface","16","32.86"
"English             ","Trap Guys","16","119.85"
"English             ","Pride Alamo","16","17.85"
"English             ","Caddyshack Jedi","16","46.86"
"English             ","Wizard Coldblooded","16","90.85"
"English             ","Pure Runner","16","89.85"
"English             ","Uprising Uptown","16","45.87"
"English             ","Quills Bull","16","77.87"
"English             ","Motions Details","16","25.87"
"English             ","Reap Unfaithful","16","62.84"
"English             ","Pickup Driving","16","93.85"
"English             ","Craft Outfield","16","18.86"
"English             ","Jeepers Wedding","16","70.87"
"English             ","West Lion","16","92.86"
"English             ","Willow Tracy","16","52.85"
"English             ","Bull Shawshank","16","21.84"
"English             ","Dude Blindness","16","90.87"
"English             ","Artist Coldblooded","16","59.86"
"English             ","Lock Rear","16","42.86"
"English             ","Paycheck Wait","16","101.84"
"English             ","Baked Cleopatra","16","76.85"
"English             ","Pilot Hoosiers","16","51.86"
"English             ","Wanda Chamber","16","76.86"
"English             ","Panky Submarine","15","86.88"
"English             ","Model Fish","15","76.87"
"English             ","Spirit Flintstones","15","14.86"
"English             ","Nash Chocolat","15","58.87"
"English             ","Lust Lock","15","74.82"
"English             ","Holiday Games","15","82.85"
"English             ","Charade Duffel","15","66.87"
"English             ","Manchurian Curtain","15","59.86"
"English             ","Boiled Dares","15","66.87"
"English             ","Dirty Ace","15","47.87"
"English             ","Holes Brannigan","15","75.86"
"English             ","Valley Packer","15","49.88"
"English             ","Airplane Sierra","15","82.85"
"English             ","Lonely Elephant","15","65.87"
"English             ","Rings Heartbreakers","15","31.87"
"English             ","Circus Youth","15","53.86"
"English             ","Odds Boogie","15","19.87"
"English             ","Panther Reds","15","83.86"
"English             ","Worker Tarzan","15","47.86"
"English             ","Sierra Divide","15","57.85"
"English             ","Labyrinth League","15","41.87"
"English             ","Loser Hustler","15","83.86"
"English             ","Betrayed Rear","15","79.87"
"English             ","Shrek License","15","37.88"
"English             ","Monster Spartacus","15","48.86"
"English             ","Scissorhands Slums","15","42.88"
"English             ","Sons Interview","15","75.85"
"English             ","Illusion Amelie","15","34.87"
"English             ","Edge Kissing","15","79.87"
"English             ","Cyclone Family","15","43.87"
"English             ","Anthem Luke","15","63.89"
"English             ","Sweet Brotherhood","15","58.89"
"English             ","Madison Trap","15","64.87"
"English             ","Ship Wonderland","15","44.86"
"English             ","Mosquito Armageddon","15","16.89"
"English             ","Necklace Outbreak","15","36.86"
"English             ","Translation Summer","15","25.87"
"English             ","Divine Resurrection","15","64.85"
"English             ","Hysterical Grail","15","87.85"
"English             ","Wasteland Divine","15","40.88"
"English             ","Modern Dorado","15","42.88"
"English             ","Vietnam Smoochy","15","21.86"
"English             ","Human Graffiti","15","80.85"
"English             ","Steers Armageddon","15","85.85"
"English             ","Hunting Musketeers","15","40.88"
"English             ","Entrapment Satisfaction","15","42.87"
"English             ","Tootsie Pilot","15","28.88"
"English             ","Cabin Flash","15","39.86"
"English             ","Siege Madre","15","16.86"
"English             ","Devil Desire","15","78.86"
"English             ","Submarine Bed","15","78.87"
"English             ","Saddle Antitrust","14","32.89"
"English             ","Gold River","14","94.86"
"English             ","Town Ark","14","46.87"
"English             ","Paris Weekend","14","40.88"
"English             ","Tomatoes Hellfighters","14","19.86"
"English             ","Personal Ladybugs","14","43.87"
"English             ","Games Bowfinger","14","62.88"
"English             ","Peach Innocent","14","80.86"
"English             ","Wrath Mile","14","22.87"
"English             ","Shanghai Tycoon","14","43.86"
"English             ","Hamlet Wisdom","14","39.88"
"English             ","Image Princess","14","76.86"
"English             ","Impossible Prejudice","14","74.86"
"English             ","Outlaw Hanky","14","73.86"
"English             ","Virtual Spoilers","14","105.87"
"English             ","Deep Crusade","14","75.87"
"English             ","Day Unfaithful","14","93.88"
"English             ","Donnie Alley","14","34.87"
"English             ","Stampede Disturbing","14","32.86"
"English             ","Pajama Jawbreaker","14","39.86"
"English             ","Greedy Roots","14","14.87"
"English             ","Notorious Reunion","14","24.87"
"English             ","Nemo Campus","14","59.86"
"English             ","Stock Glass","14","42.87"
"English             ","Analyze Hoosiers","14","55.86"
"English             ","Shrunk Divine","14","46.87"
"English             ","Alley Evolution","14","46.87"
"English             ","Werewolf Lola","14","68.88"
"English             ","Kane Exorcist","14","13.88"
"English             ","Dances None","14","28.87"
"English             ","Grinch Massage","14","76.86"
"English             ","Home Pity","14","66.88"
"English             ","Blindness Gun","14","71.87"
"English             ","Mother Oleander","14","63.87"
"English             ","Splash Gump","14","33.86"
"English             ","Elephant Trojan","14","64.90"
"English             ","Confessions Maguire","14","70.87"
"English             ","Searchers Wait","14","75.86"
"English             ","Uncut Suicides","14","42.87"
"English             ","Jaws Harry","14","59.87"
"English             ","Madre Gables","14","47.87"
"English             ","Creepers Kane","14","77.87"
"English             ","Glass Dying","14","35.88"
"English             ","Turn Star","14","56.88"
"English             ","Lovely Jingle","14","62.87"
"English             ","Troopers Metal","14","46.86"
"English             ","Shane Darkness","14","52.87"
"English             ","Date Speed","13","41.88"
"English             ","Darkness War","13","45.88"
"English             ","Sassy Packer","13","14.88"
"English             ","Chamber Italian","13","65.88"
"English             ","Spiking Element","13","38.88"
"English             ","Connecticut Tramp","13","75.89"
"English             ","Arabia Dogma","13","21.88"
"English             ","Behavior Runaway","13","87.89"
"English             ","Breaking Home","13","41.90"
"English             ","Microcosmos Paradise","13","43.88"
"English             ","Identity Lover","13","56.88"
"English             ","State Wasteland","13","55.89"
"English             ","Champion Flatliners","13","62.90"
"English             ","Past Suicides","13","66.88"
"English             ","Lawrence Love","13","15.87"
"English             ","Usual Untouchables","13","65.88"
"English             ","Raging Airplane","13","77.88"
"English             ","Lucky Flying","13","32.90"
"English             ","Bedazzled Married","13","14.88"
"English             ","Memento Zoolander","13","88.87"
"English             ","Opposite Necklace","13","56.89"
"English             ","Jungle Closer","13","23.88"
"English             ","Bilko Anonymous","13","94.88"
"English             ","Citizen Shrek","13","21.87"
"English             ","Jingle Sagebrush","13","59.89"
"English             ","Flash Wars","13","87.88"
"English             ","Tenenbaums Command","13","19.88"
"English             ","Tuxedo Mile","13","76.87"
"English             ","Exorcist Sting","13","49.88"
"English             ","Spinal Rocky","13","39.87"
"English             ","Purple Movie","13","52.88"
"English             ","Robbery Bright","13","32.88"
"English             ","Hook Chariots","13","17.87"
"English             ","Daddy Pittsburgh","13","63.89"
"English             ","Cincinatti Whisperer","13","71.89"
"English             ","Mulan Moon","13","30.89"
"English             ","Hollywood Anonymous","13","13.87"
"English             ","Super Wyoming","13","78.88"
"English             ","Anonymous Human","13","17.87"
"English             ","Drums Dynamite","13","24.87"
"English             ","Express Lonely","13","42.88"
"English             ","Chisum Behavior","13","50.90"
"English             ","Moonwalker Fool","13","75.89"
"English             ","Mile Mulan","13","33.89"
"English             ","Natural Stock","13","31.88"
"English             ","Forever Candidate","13","40.88"
"English             ","Wyoming Storm","13","61.89"
"English             ","Bright Encounters","13","87.88"
"English             ","Party Knock","13","41.88"
"English             ","Saturn Name","13","70.87"
"English             ","Monterey Labyrinth","13","19.89"
"English             ","Everyone Craft","13","22.89"
"English             ","Hunger Roof","13","19.88"
"English             ","Valentine Vanishing","12","12.90"
"English             ","Window Side","12","50.89"
"English             ","Lost Bird","12","50.90"
"English             ","Tycoon Gathering","12","103.88"
"English             ","Flight Lies","12","68.88"
"English             ","Blanket Beverly","12","33.90"
"English             ","Liberty Magnificent","12","67.89"
"English             ","Finding Anaconda","12","26.90"
"English             ","Gunfighter Mussolini","12","64.89"
"English             ","Adaptation Holes","12","34.89"
"English             ","African Egg","12","47.89"
"English             ","Mob Duffel","12","27.90"
"English             ","Temple Attraction","12","57.90"
"English             ","Minority Kiss","12","27.89"
"English             ","Dangerous Uptown","12","66.88"
"English             ","Meet Chocolate","12","56.89"
"English             ","Mighty Luck","12","31.90"
"English             ","War Notting","12","65.88"
"English             ","Born Spinal","12","59.88"
"English             ","Side Ark","12","29.88"
"English             ","Crow Grease","12","14.89"
"English             ","Hedwig Alter","12","31.90"
"English             ","Sorority Queen","12","19.88"
"English             ","Pittsburgh Hunchback","12","83.89"
"English             ","Alabama Devil","12","71.88"
"English             ","Uptown Young","12","29.90"
"English             ","Speakeasy Date","12","41.89"
"English             ","Loverboy Attacks","12","16.89"
"English             ","Smoochy Control","12","14.88"
"English             ","Savannah Town","12","22.90"
"English             ","Evolution Alter","12","26.88"
"English             ","Brannigan Sunrise","12","56.91"
"English             ","Vampire Whale","12","69.89"
"English             ","California Birds","12","73.89"
"English             ","Silverado Goldfinger","12","91.88"
"English             ","Massage Image","12","56.89"
"English             ","Reef Salute","11","23.89"
"English             ","Bowfinger Gables","11","56.89"
"English             ","Stranger Strangers","11","65.90"
"English             ","Beast Hunchback","11","69.90"
"English             ","Frida Slipper","11","40.90"
"English             ","Drumline Cyclone","11","36.90"
"English             ","Iron Moon","11","50.90"
"English             ","Lord Arizona","11","39.90"
"English             ","Ending Crowds","11","17.90"
"English             ","Towers Hurricane","11","10.91"
"English             ","Autumn Crow","11","74.90"
"English             ","Stone Fire","11","32.90"
"English             ","Opus Ice","11","60.90"
"English             ","Darko Dorado","11","72.90"
"English             ","Birch Antitrust","11","74.89"
"English             ","Trainspotting Strangers","11","46.91"
"English             ","Gathering Calendar","11","19.90"
"English             ","October Submarine","11","57.90"
"English             ","Spirited Casualties","11","18.90"
"English             ","Rider Caddyshack","11","48.89"
"English             ","Twisted Pirates","11","66.89"
"English             ","Theory Mermaid","11","30.88"
"English             ","Prix Undefeated","11","37.90"
"English             ","Language Cowboy","11","18.90"
"English             ","Fugitive Maguire","11","56.89"
"English             ","Ties Hunger","11","69.91"
"English             ","Dragon Squad","11","27.89"
"English             ","Beethoven Exorcist","11","16.89"
"English             ","Bird Independence","11","53.91"
"English             ","Potluck Mixed","11","43.90"
"English             ","Santa Paris","11","29.90"
"English             ","Feathers Metal","11","31.91"
"English             ","Song Hedwig","11","31.90"
"English             ","Thin Sagebrush","11","73.89"
"English             ","Mod Secretary","11","48.91"
"English             ","Magnolia Forrester","11","34.89"
"English             ","North Tequila","11","51.91"
"English             ","Cranes Reservoir","11","33.91"
"English             ","Bugsy Song","11","45.91"
"English             ","Hollow Jeopardy","10","39.92"
"English             ","Reservoir Adaptation","10","29.91"
"English             ","Grail Frankenstein","10","40.92"
"English             ","Elizabeth Shane","10","36.93"
"English             ","Gone Trouble","10","29.92"
"English             ","Oleander Clue","10","24.91"
"English             ","Halloween Nuts","10","29.92"
"English             ","Paths Control","10","81.90"
"English             ","Element Freddy","10","56.90"
"English             ","Beneath Rush","10","16.90"
"English             ","Run Pacific","10","42.91"
"English             ","Life Twisted","10","37.92"
"English             ","Rollercoaster Bringing","10","39.91"
"English             ","Stage World","10","46.90"
"English             ","Right Cranes","10","52.90"
"English             ","Sensibility Rear","10","52.90"
"English             ","Clockwork Paradise","10","11.90"
"English             ","Mystic Truman","10","17.92"
"English             ","Spoilers Hellfighters","10","18.91"
"English             ","Amelie Hellfighters","10","67.90"
"English             ","Superfly Trip","10","16.91"
"English             ","Notting Speakeasy","10","12.91"
"English             ","Antitrust Tomatoes","10","27.93"
"English             ","Luck Opus","10","21.93"
"English             ","Fiddler Lost","10","64.90"
"English             ","Frogmen Breaking","10","16.90"
"English             ","Smile Earring","10","58.90"
"English             ","Lambs Cincinatti","10","57.90"
"English             ","Doubtfire Labyrinth","10","52.91"
"English             ","Maker Gables","10","32.90"
"English             ","Jeopardy Encino","10","28.90"
"English             ","Lover Truman","10","54.91"
"English             ","Lolita World","10","45.91"
"English             ","Wagon Jaws","10","33.91"
"English             ","Madigan Dorado","10","48.92"
"English             ","Wars Pluto","10","42.90"
"English             ","Jawbreaker Brooklyn","10","10.91"
"English             ","Blood Argonauts","10","30.93"
"English             ","Kramer Chocolate","9","47.91"
"English             ","Matrix Snowman","9","40.92"
"English             ","Drop Waterfront","9","43.92"
"English             ","Ali Forever","9","54.91"
"English             ","Anything Savannah","9","43.92"
"English             ","Vanilla Day","9","52.91"
"English             ","Dolls Rage","9","27.92"
"English             ","Maguire Apache","9","33.91"
"English             ","Crazy Home","9","26.91"
"English             ","Gilbert Pelican","9","17.91"
"English             ","Caribbean Liberty","9","66.92"
"English             ","Diary Panic","9","24.92"
"English             ","Legend Jedi","9","12.92"
"English             ","King Evolution","9","59.92"
"English             ","Platoon Instinct","9","40.92"
"English             ","Dares Pluto","9","26.92"
"English             ","Nuts Ties","9","53.91"
"English             ","Victory Academy","9","12.91"
"English             ","Daughter Madigan","9","69.91"
"English             ","Speed Suit","9","44.92"
"English             ","Spartacus Cheaper","9","60.91"
"English             ","Random Go","9","31.91"
"English             ","Dwarfs Alter","9","28.92"
"English             ","Miracle Virtual","9","41.92"
"English             ","Won Dares","9","28.91"
"English             ","Legally Secretary","9","39.92"
"English             ","Zhivago Core","9","10.93"
"English             ","Wisdom Worker","9","29.91"
"English             ","Holy Tadpole","9","17.92"
"English             ","Ghostbusters Elf","9","8.93"
"English             ","Birdcage Casper","9","23.91"
"English             ","Hotel Happiness","9","41.92"
"English             ","Darling Breaking","9","44.92"
"English             ","Intolerable Intentions","9","39.93"
"English             ","Guys Falcon","9","52.92"
"English             ","Wonderful Drop","9","46.92"
"English             ","Casualties Encino","9","61.92"
"English             ","Monsoon Cause","9","54.91"
"English             ","Frisco Forrest","9","53.91"
"English             ","Snatchers Montezuma","9","37.91"
"English             ","Montezuma Command","9","11.91"
"English             ","Impact Aladdin","9","18.92"
"English             ","Reds Pocus","9","47.92"
"English             ","World Leathernecks","8","24.92"
"English             ","Papi Necklace","8","27.93"
"English             ","Maude Mod","8","10.93"
"English             ","Tarzan Videotape","8","40.92"
"English             ","Grosse Wonderful","8","46.92"
"English             ","Runner Madigan","8","14.92"
"English             ","Ballroom Mockingbird","8","9.93"
"English             ","Vertigo Northwest","8","37.92"
"English             ","Pet Haunting","8","26.92"
"English             ","Crusade Honey","8","44.93"
"English             ","Records Zorro","8","38.93"
"English             ","Runaway Tenenbaums","8","11.93"
"English             ","Chitty Lock","8","28.92"
"English             ","Punk Divorce","8","41.93"
"English             ","Hoosiers Birdcage","8","41.92"
"English             ","Soup Wisdom","8","11.93"
"English             ","Casper Dragonfly","8","45.93"
"English             ","Rebel Airport","8","6.93"
"English             ","Jumanji Blade","8","30.92"
"English             ","Harold French","8","8.93"
"English             ","Gosford Donnie","8","48.92"
"English             ","Park Citizen","8","48.94"
"English             ","Desire Alien","8","25.92"
"English             ","Chaplin License","8","23.92"
"English             ","Clyde Theory","8","23.92"
"English             ","Baby Hall","8","40.93"
"English             ","Shining Roses","8","22.92"
"English             ","Saints Bride","8","31.92"
"English             ","Untouchables Sunrise","8","28.93"
"English             ","Unfaithful Kill","8","26.92"
"English             ","Magnificent Chitty","8","54.92"
"English             ","Lights Deer","8","7.93"
"English             ","Destination Jerk","8","31.92"
"English             ","Soldiers Evolution","8","36.93"
"English             ","Godfather Diary","8","37.92"
"English             ","Sunset Racer","8","11.93"
"English             ","Leathernecks Dwarfs","7","21.94"
"English             ","Divorce Shining","7","21.95"
"English             ","Dozen Lion","7","31.94"
"English             ","Mulholland Beast","7","21.93"
"English             ","Duffel Apocalypse","7","5.94"
"English             ","Clerks Angels","7","45.94"
"English             ","Young Language","7","6.93"
"English             ","Stallion Sundance","7","7.94"
"English             ","Heavenly Gun","7","32.94"
"English             ","License Weekend","7","17.94"
"English             ","Eve Resurrection","7","40.93"
"English             ","Vision Torque","7","11.94"
"English             ","Vanished Garden","7","14.94"
"English             ","Lesson Cleopatra","7","22.94"
"English             ","Newsies Story","7","22.93"
"English             ","Elf Murder","7","34.94"
"English             ","Squad Fish","7","27.93"
"English             ","Treatment Jekyll","7","6.94"
"English             ","Luke Mummy","7","28.93"
"English             ","Menagerie Rushmore","7","18.94"
"English             ","Fire Wolves","7","39.93"
"English             ","Ace Goldfinger","7","52.93"
"English             ","Connection Microcosmos","7","8.95"
"English             ","Bulworth Commandments","7","32.93"
"English             ","Doctor Grail","7","23.95"
"English             ","Sense Greek","7","47.93"
"English             ","President Bang","7","35.94"
"English             ","Ishtar Rocketeer","7","42.94"
"English             ","Clue Grail","7","40.93"
"English             ","Bang Kwai","7","22.93"
"English             ","Early Home","7","36.94"
"English             ","Pizza Jumanji","7","25.94"
"English             ","Cowboy Doom","7","28.93"
"English             ","Magic Mallrats","7","17.93"
"English             ","Control Anthem","7","31.94"
"English             ","Cruelty Unforgiven","7","6.94"
"English             ","Hawk Chill","7","12.94"
"English             ","Panic Club","7","51.93"
"English             ","Texas Watch","6","5.94"
"English             ","Comancheros Enemy","6","9.94"
"English             ","Bed Highball","6","24.94"
"English             ","Happiness United","6","22.94"
"English             ","Wild Apollo","6","15.94"
"English             ","Dumbo Lust","6","13.94"
"English             ","Phantom Glory","6","21.94"
"English             ","School Jacket","6","35.94"
"English             ","Desperate Trainspotting","6","31.94"
"English             ","Simon North","6","18.94"
"English             ","Italian African","6","38.94"
"English             ","Frontier Cabin","6","35.94"
"English             ","Haunted Antitrust","6","31.94"
"English             ","Extraordinary Conquerer","6","22.94"
"English             ","Duck Racer","6","20.95"
"English             ","Jersey Sassy","6","39.94"
"English             ","Youth Kick","6","16.94"
"English             ","Sling Luke","6","14.94"
"English             ","Ladybugs Armageddon","6","17.94"
"English             ","Terminator Club","6","39.94"
"English             ","Warlock Werewolf","6","21.94"
"English             ","Apocalypse Flamingos","6","24.95"
"English             ","Bubble Grosse","6","35.94"
"English             ","Japanese Run","6","7.94"
"English             ","Cassidy Wyoming","6","23.94"
"English             ","Killer Innocent","6","21.94"
"English             ","Watership Frontier","6","13.94"
"English             ","Graceland Dynamite","6","37.94"
"English             ","Rushmore Mermaid","6","18.94"
"English             ","Tequila Past","6","32.94"
"English             ","Oklahoma Jumanji","6","5.94"
"English             ","Glory Tracy","5","14.95"
"English             ","Seven Swarm","5","30.95"
"English             ","Freedom Cleopatra","5","5.95"
"English             ","Private Drop","5","26.95"
"English             ","Informer Double","5","27.95"
"English             ","Mussolini Spoilers","5","15.95"
"English             ","Bunch Minds","5","25.95"
"English             ","Hunter Alter","5","24.95"
"English             ","Fever Empire","5","33.95"
"English             ","Full Flatliners","5","16.95"
"English             ","Braveheart Human","5","16.95"
"English             ","Conspiracy Spirit","5","16.95"
"English             ","Traffic Hobbit","5","24.95"
"English             ","Mannequin Worst","5","23.95"
"English             ","Train Bunch","4","24.96"
"English             ","Mixed Doors","4","15.96"
"English             ","Hardly Robbers","4","15.96"
